{"loss":{"0":0.002230376,"1":0.0018052757,"2":0.0015323352},"accuracy":{"0":0.9998441339,"1":0.9998441339,"2":0.9998441339},"val_loss":{"0":0.2736162841,"1":0.2853875458,"2":0.2951025367},"val_accuracy":{"0":0.9491894841,"1":0.9501246214,"2":0.9491894841}}