{"loss":{"0":0.0207046773,"1":0.0057720509,"2":0.0030904391},"accuracy":{"0":0.9933764338,"1":0.9988311529,"2":0.9996883273},"val_loss":{"0":0.2165774107,"1":0.2420991808,"2":0.2576978207},"val_accuracy":{"0":0.9488777518,"1":0.9501246214,"2":0.9501246214}}