{"loss":{"0":0.4917577505,"1":0.1747312844,"2":0.1198021919},"accuracy":{"0":0.5002727509,"1":0.5002727509,"2":0.5002727509},"val_loss":{"0":0.2247439176,"1":0.0819238499,"2":0.0625089481},"val_accuracy":{"0":0.4925186634,"1":0.4925186634,"2":0.4925186634}}