{"loss":{"0":0.0001807257,"1":0.0001344649,"2":0.0001071295,"3":0.0000885262,"4":0.0000757122,"5":0.0000658456,"6":0.0000580779,"7":0.0000516901,"8":0.0000463219,"9":0.0000417247},"accuracy":{"0":1.0,"1":1.0,"2":1.0,"3":1.0,"4":1.0,"5":1.0,"6":1.0,"7":1.0,"8":1.0,"9":1.0},"val_loss":{"0":0.2945843041,"1":0.3004052341,"2":0.3041099608,"3":0.3086410463,"4":0.3117191792,"5":0.3153916597,"6":0.3181754053,"7":0.3216286898,"8":0.3243302107,"9":0.3276506662},"val_accuracy":{"0":0.9519949555,"1":0.9519949555,"2":0.9532418251,"3":0.9523066878,"4":0.9535535574,"5":0.9535535574,"6":0.9532418251,"7":0.9535535574,"8":0.9538652897,"9":0.9532418251}}