{"loss":{"0":0.1601620018,"1":0.1296371669,"2":0.0951582342,"3":0.0948433653,"4":0.1251084954,"5":0.0811397657,"6":0.0676206276,"7":0.0909956396,"8":0.0833301023,"9":0.0611898005},"accuracy":{"0":0.9417127967,"1":0.9523104429,"2":0.9673498273,"3":0.9652458429,"4":0.9505181909,"5":0.9709343314,"6":0.9753760099,"7":0.9655575156,"8":0.9688303471,"9":0.9772461653},"val_loss":{"0":0.1809919775,"1":0.180469051,"2":0.2803293765,"3":0.2648622692,"4":0.2512803376,"5":0.2426405549,"6":0.2742961347,"7":0.2495372146,"8":0.3307605386,"9":0.2704185843},"val_accuracy":{"0":0.9304862022,"1":0.936408937,"2":0.900872767,"3":0.904925108,"4":0.9136533141,"5":0.9320448041,"6":0.9142767787,"7":0.9292393327,"8":0.911159575,"9":0.9311096668}}