{"loss":{"0":5.2405371666,"1":5.0370144844,"2":4.3529324532},"accuracy":{"0":0.0077232006,"1":0.0241736174,"2":0.1081248075},"val_loss":{"0":5.1852617264,"1":5.1307888031,"2":6.0656776428},"val_accuracy":{"0":0.0139017608,"1":0.025332097,"2":0.0287303068}}