{"loss":{"0":0.1386170685,"1":0.1146072075,"2":0.1113529429,"3":0.093027249,"4":0.0900025666,"5":0.0711909905,"6":0.050757423,"7":0.0535198711,"8":0.0640485734,"9":0.0379564501},"accuracy":{"0":0.9488818049,"1":0.9587002397,"2":0.957765162,"3":0.9656354785,"4":0.9657913446,"5":0.9756097794,"6":0.9812982082,"7":0.9817657471,"8":0.9770902991,"9":0.9861295223},"val_loss":{"0":0.1409384757,"1":0.139272511,"2":0.1607147306,"3":0.148406595,"4":0.1420647651,"5":0.2464103997,"6":0.2324881405,"7":0.183266744,"8":0.2340536267,"9":0.1986595243},"val_accuracy":{"0":0.9488777518,"1":0.9479426146,"2":0.9379675388,"3":0.9470074177,"4":0.9482542872,"5":0.915211916,"6":0.9286159277,"7":0.9463840127,"8":0.9395261407,"9":0.9485660195}}