{"loss":{"0":0.6791356206,"1":0.6516210437,"2":0.6261262298},"accuracy":{"0":0.5002727509,"1":0.5002727509,"2":0.5002727509},"val_loss":{"0":0.6653074622,"1":0.6392025352,"2":0.6144829988},"val_accuracy":{"0":0.4925186634,"1":0.4925186634,"2":0.4925186634}}